<configuration>
	<appender name="FILE1"
		class="ch.qos.logback.core.FileAppender">
		<file>CustomLogs/log1.log</file>
		<layout class="ch.qos.logback.classic.PatternLayout">
			<Pattern>%d{yyyy-MM-dd HH:mm:ss} %-5level %logger{36} -
				%msg%n
			</Pattern>
		</layout>
	</appender>
	<appender name="STDOUT"
		class="ch.qos.logback.core.ConsoleAppender">
		<layout class="ch.qos.logback.classic.PatternLayout">
			<Pattern>
				%d{yyyy-MM-dd HH:mm:ss} [%thread] %-5level %logger{36} -
				%msg%n
			</Pattern>
		</layout>
	</appender>

	<logger name="com.pms.pmskeycloakintegration" additivity="false"
		level="info">
		<appender-ref ref="FILE1" />
	</logger>
	<root level="INFO">
		<appender-ref ref="STDOUT" />
	</root>
</configuration>